PRISM Time Series Data,,,,
Location:  Lat: 39.1715   Lon: -79.3529   Elev: 1072m,,,,
"Climate variables: ppt,tmin,tmean,tmax",,,,
Spatial resolution: 4km,,,,
Period: 1895-01 - 2018-07,,,,
Dataset: AN81m,,,,
PRISM day definition: 24 hours ending at 1200 UTC on the day shown,,,,
Grid Cell Interpolation: Off,,,,
Time series generated: 2019-Feb-10,,,,
Details: http://www.prism.oregonstate.edu/documents/PRISM_datasets.pdf,,,,
Date,ppt (mm),tmin (degrees C),tmean (degrees C),tmax (degrees C)
1895-01,135.2966667,-10.1,-5.133333333,-0.133333333
1895-02,27.85333333,-13.7,-8.433333333,-3.2
1895-03,126.5633333,-4.466666667,1.066666667,6.5
1895-04,115.65,1.233333333,7.166666667,13.03333333
1895-05,81.64333333,6,12.5,19.03333333
1895-06,87.78,10.16666667,18,25.83333333
1895-07,115.58,10.43333333,16.9,23.46666667
1895-08,61.54666667,12.16666667,18.86666667,25.6
1895-09,38.62,10.33333333,17.3,24.3
1895-10,36.51666667,-1.866666667,5.866666667,13.66666667
1895-11,74.50333333,-2,4.133333333,10.3
1895-12,96.48666667,-5.466666667,-0.6,4.266666667
1896-01,39.13666667,-7.366666667,-2.733333333,1.833333333
1896-02,105.4066667,-6.9,-2.266666667,2.366666667
1896-03,148.5966667,-5.733333333,-0.666666667,4.433333333
1896-04,65.53666667,4.066666667,10.56666667,17.13333333
1896-05,127.6766667,10.8,16.9,23
1896-06,146.6533333,11.7,17.2,22.7
1896-07,330.3766667,14.26666667,19.23333333,24.13333333
1896-08,76.09666667,12.7,18.53333333,24.36666667
1896-09,165.4833333,8.666666667,15,21.3
1896-10,72.47,1.2,7.366666667,13.56666667
1896-11,98.62666667,0.933333333,6.266666667,11.53333333
1896-12,62.08666667,-6.2,-1.3,3.533333333
1897-01,64.86666667,-9.533333333,-4.633333333,0.2
1897-02,182.1833333,-4.866666667,-0.466666667,3.9
1897-03,127.1633333,-0.333333333,4.9,10.03333333
1897-04,84.50333333,1,7.3,13.6
1897-05,134.3233333,4.633333333,11.1,17.6
1897-06,132.4366667,10.56666667,16.76666667,22.96666667
1897-07,193.9566667,13.83333333,19.36666667,24.83333333
1897-08,95.42,11.26666667,17.53333333,23.73333333
1897-09,43.6,6.666666667,14.73333333,22.73333333
1897-10,18.62,3.233333333,11.16666667,19.2
1897-11,155.2633333,-1.8,3.3,8.4
1897-12,145.3033333,-4.6,-0.266666667,4.066666667
1898-01,186.28,-4.266666667,-0.266666667,3.733333333
1898-02,70.33666667,-8.333333333,-2.833333333,2.7
1898-03,201.8266667,0.333333333,5.666666667,10.96666667
1898-04,120.28,-1.033333333,4.766666667,10.53333333
1898-05,143.0066667,7,13.53333333,20.06666667
1898-06,88.66666667,10.4,17.23333333,24.06666667
1898-07,121.9833333,13.43333333,19.63333333,25.83333333
1898-08,238.64,13.23333333,18.73333333,24.23333333
1898-09,71.85,9.433333333,16.1,22.8
1898-10,155.3133333,3.7,9.766666667,15.86666667
1898-11,89.37333333,-3.366666667,2.333333333,8.033333333
1898-12,89.93666667,-8.6,-2.933333333,2.766666667
1899-01,122.5733333,-8,-2.5,2.966666667
1899-02,113.7266667,-10.83333333,-5.633333333,-0.4
1899-03,181.8866667,-2.8,2.666666667,8.133333333
1899-04,64.36,0.733333333,7.8,14.86666667
1899-05,181.2733333,7.566666667,14.23333333,20.86666667
1899-06,146.56,11.46666667,17.86666667,24.26666667
1899-07,125.1933333,11.83333333,19,26.16666667
1899-08,68.62666667,11.83333333,19,26.13333333
1899-09,107.66,6.9,14,21.03333333
1899-10,39.27666667,2.166666667,10.53333333,18.9
1899-11,70.29333333,-2.433333333,4.366666667,11.13333333
1899-12,105.07,-8.5,-2.566666667,3.366666667
1900-01,60.77,-7.6,-1.766666667,4.066666667
1900-02,116.37,-9.666666667,-3.9,1.833333333
1900-03,113.8866667,-5.1,0.1,5.3
1900-04,44.96,0.333333333,7.233333333,14.03333333
1900-05,80.48666667,5.166666667,13.2,21.3
1900-06,139.53,11.4,17.56666667,23.83333333
1900-07,122.43,12.13333333,19.2,26.3
1900-08,82.09333333,13.16666667,20.4,27.6
1900-09,57.42,10.93333333,17.96666667,24.96666667
1900-10,90.05666667,5.1,12.4,19.73333333
1900-11,135.4533333,-1.033333333,4.5,10.03333333
1900-12,75.97666667,-7.1,-2.066666667,3
1901-01,75.57333333,-7.733333333,-2.433333333,2.9
1901-02,34.93333333,-11,-5.933333333,-0.8
1901-03,94.62666667,-3.666666667,2,7.633333333
1901-04,173.59,-1.4,4.366666667,10.13333333
1901-05,162.4533333,5.666666667,12.3,18.93333333
1901-06,146.1566667,10.3,17.23333333,24.16666667
1901-07,97.32,14.33333333,20.93333333,27.53333333
1901-08,143.61,12.4,18.53333333,24.66666667
1901-09,85.92666667,7.033333333,13.86666667,20.63333333
1901-10,16.76,0.666666667,8.9,17.13333333
1901-11,83.73333333,-5.733333333,-0.366666667,4.933333333
1901-12,180.4833333,-8.633333333,-3.066666667,2.466666667
1902-01,118.0433333,-9.4,-4.066666667,1.3
1902-02,90.60666667,-10.4,-6.066666667,-1.666666667
1902-03,131.47,-3.433333333,2.8,9.033333333
1902-04,85.55333333,-0.866666667,5.7,12.3
1902-05,105.3033333,7.166666667,14.76666667,22.36666667
1902-06,140.3766667,8.433333333,15.66666667,22.9
1902-07,98.82333333,12.9,19.43333333,26.06666667
1902-08,58.39,10.8,17.46666667,24.13333333
1902-09,88.33333333,6.4,14.06666667,21.66666667
1902-10,72.66666667,3.933333333,10.53333333,17.2
1902-11,81.63,0.433333333,6.966666667,13.5
1902-12,174.6833333,-6.6,-2.066666667,2.466666667
1903-01,109.4633333,-8.633333333,-3.466666667,1.7
1903-02,175.3966667,-7.933333333,-1.633333333,4.666666667
1903-03,132.14,1.3,7.033333333,12.76666667
1903-04,113.52,0.366666667,7.066666667,13.73333333
1903-05,116.9,5.233333333,13.6,21.9
1903-06,139.8166667,8.5,14.2,19.96666667
1903-07,91.67333333,11.43333333,18.5,25.53333333
1903-08,88.43333333,11.93333333,18.1,24.2
1903-09,54.86,6.366666667,14.16666667,21.93333333
1903-10,68.37666667,1.833333333,8.833333333,15.76666667
1903-11,87.75666667,-6.5,0.133333333,6.766666667
1903-12,72.11333333,-12.7,-6.533333333,-0.3
1904-01,105.11,-11.1,-5.3,0.533333333
1904-02,73.98333333,-11.23333333,-4.466666667,2.333333333
1904-03,124.54,-3.133333333,2.933333333,9
1904-04,93.17333333,-1,4.966666667,10.96666667
1904-05,94.87333333,5.5,12.76666667,20.03333333
1904-06,119.7633333,9.7,16.4,23.13333333
1904-07,98.61666667,10.7,17.5,24.3
1904-08,66.71,10.4,17.33333333,24.3
1904-09,61.14666667,7.5,15.36666667,23.2
1904-10,44.33,0,8.8,17.53333333
1904-11,17.92333333,-5.266666667,1.333333333,8
1904-12,114.1866667,-8.166666667,-2.933333333,2.266666667
1905-01,102.1633333,-11.6,-6.033333333,-0.466666667
1905-02,71.13,-12.13333333,-6.866666667,-1.7
1905-03,135.0833333,-2.2,4.2,10.56666667
1905-04,88.38666667,0.366666667,7.333333333,14.26666667
1905-05,132.0066667,6.866666667,14.03333333,21.23333333
1905-06,104.0566667,10.53333333,17.4,24.23333333
1905-07,165.6433333,13.03333333,18.8,24.56666667
1905-08,100.9433333,11.23333333,17.33333333,23.5
1905-09,57.35666667,7.466666667,14.46666667,21.43333333
1905-10,140.33,1.8,8.966666667,16.1
1905-11,73.44666667,-3.6,2.5,8.6
1905-12,90.03333333,-6.1,-1.033333333,3.966666667
1906-01,120.0533333,-4.833333333,0.533333333,5.9
1906-02,58.6,-9.5,-2.766666667,3.966666667
1906-03,150.9233333,-5.166666667,-0.366666667,4.433333333
1906-04,131.4033333,0.966666667,8.133333333,15.23333333
1906-05,70.53666667,5.133333333,12.9,20.6
1906-06,128.87,10.7,17.33333333,23.96666667
1906-07,102.62,11.96666667,18.2,24.53333333
1906-08,141.6133333,14.56666667,19.83333333,25.1
1906-09,99.89333333,10.7,16.9,23.1
1906-10,96.81,3.166666667,9.133333333,15.2
1906-11,66.39333333,-2.933333333,3.666666667,10.3
1906-12,144.6466667,-6.1,-1.033333333,4.033333333
1907-01,261.21,-5.366666667,0.666666667,6.666666667
1907-02,79.1,-9.833333333,-3.766666667,2.266666667
1907-03,149.1933333,-0.4,5.8,11.93333333
1907-04,95.69666667,-2.133333333,3.566666667,9.366666667
1907-05,123.9266667,4.066666667,11.36666667,18.73333333
1907-06,155.3133333,7.733333333,14.03333333,20.26666667
1907-07,217.8466667,12.03333333,18.3,24.6
1907-08,140.2233333,10.96666667,16.93333333,22.96666667
1907-09,140.2766667,9.366666667,15.4,21.5
1907-10,88.66,-0.666666667,6.666666667,14
1907-11,102.4,-2.566666667,2.2,7.033333333
1907-12,100.3033333,-6.866666667,-1.633333333,3.6
1908-01,91.5,-10.13333333,-4.133333333,1.833333333
1908-02,118.0866667,-9.3,-4.366666667,0.533333333
1908-03,176.4466667,-0.833333333,5.366666667,11.56666667
1908-04,138.32,2.1,8.933333333,15.73333333
1908-05,187.6866667,8.133333333,13.73333333,19.4
1908-06,95.21333333,9.3,16.5,23.7
1908-07,137.91,12.53333333,19.23333333,25.93333333
1908-08,89.11666667,10.7,17.2,23.66666667
1908-09,37.85333333,5.6,14.6,23.66666667
1908-10,48.07666667,0.966666667,9.266666667,17.5
1908-11,27.54,-4.233333333,3.466666667,11.13333333
1908-12,85.37666667,-6.8,-1.233333333,4.366666667
1909-01,111.9166667,-6.133333333,-0.1,5.933333333
1909-02,126.6866667,-4.966666667,1.5,8
1909-03,98.53666667,-4.7,1.033333333,6.733333333
1909-04,173.7166667,1.066666667,7.966666667,14.86666667
1909-05,92.78333333,4.666666667,12.16666667,19.66666667
1909-06,163.3966667,11.4,17.63333333,23.83333333
1909-07,109.7766667,10.23333333,16.76666667,23.3
1909-08,94.46,10.56666667,17,23.36666667
1909-09,81.39,7.066666667,13.43333333,19.8
1909-10,94.42666667,-1.1,6.5,14.13333333
1909-11,43.34666667,-0.866666667,6.2,13.2
1909-12,84.64333333,-10.56666667,-5.166666667,0.2
1910-01,189.68,-8.033333333,-2.666666667,2.766666667
1910-02,95.57333333,-8.733333333,-3.133333333,2.5
1910-03,22.51666667,-1.9,5.966666667,13.86666667
1910-04,84.49,1.033333333,7.966666667,14.9
1910-05,120.2266667,3.266666667,10.56666667,17.96666667
1910-06,185.7033333,9.033333333,14.83333333,20.66666667
1910-07,127.32,12.9,18.8,24.7
1910-08,56.68666667,9.933333333,16.7,23.5
1910-09,106.15,9.633333333,16.06666667,22.43333333
1910-10,50.3,3.5,10.73333333,17.96666667
1910-11,67.12,-5.4,-0.433333333,4.566666667
1910-12,89.77333333,-10.6,-5.566666667,-0.6
1911-01,190.3333333,-5.666666667,-0.066666667,5.5
1911-02,53.96666667,-5.166666667,0.2,5.5
1911-03,97.37333333,-5.466666667,0.833333333,7.1
1911-04,132.78,-0.466666667,5.5,11.5
1911-05,41.96666667,5.766666667,14.66666667,23.53333333
1911-06,130.2566667,10.33333333,17.23333333,24.03333333
1911-07,77.79333333,10.83333333,18.6,26.43333333
1911-08,186.6666667,12.2,19.36666667,26.6
1911-09,128.7266667,10.43333333,16.83333333,23.3
1911-10,149.8833333,4.266666667,10.43333333,16.6
1911-11,66.54,-4.066666667,2.066666667,8.166666667
1911-12,94.54,-4.566666667,1.133333333,6.8
1912-01,78.93,-13.26666667,-7.1,-0.9
1912-02,80.91,-11.46666667,-5.266666667,0.966666667
1912-03,159.66,-4.2,1.566666667,7.3
1912-04,101.16,1.966666667,9.4,16.86666667
1912-05,116.55,6,13.36666667,20.7
1912-06,124.84,8.233333333,15.66666667,23.13333333
1912-07,231.91,12.23333333,18.46666667,24.73333333
1912-08,95.16666667,10.8,16.63333333,22.5
1912-09,127.4633333,10,16.73333333,23.53333333
1912-10,41.76,1.966666667,9.933333333,18
1912-11,60.53333333,-3.833333333,2.7,9.166666667
1912-12,88.83,-7.833333333,-1.266666667,5.266666667
1913-01,161.8333333,-4.866666667,1.8,8.566666667
1913-02,73.29333333,-8.7,-2.6,3.5
1913-03,121.35,-2.533333333,3.966666667,10.46666667
1913-04,93.09666667,0.466666667,7.333333333,14.16666667
1913-05,160.94,5.133333333,12.63333333,20.2
1913-06,97.76,9.333333333,16.8,24.33333333
1913-07,172.1866667,12.46666667,18.96666667,25.5
1913-08,103.64,11.4,17.96666667,24.5
1913-09,86.03333333,6.5,13.73333333,20.96666667
1913-10,126.6533333,2.866666667,9.233333333,15.63333333
1913-11,139.5833333,-2.733333333,3.566666667,9.933333333
1913-12,77.43666667,-5.9,-0.7,4.5
1914-01,92.65666667,-6.266666667,-1.2,3.833333333
1914-02,92.69666667,-10.53333333,-4.533333333,1.466666667
1914-03,107.99,-6.8,-0.866666667,5.066666667
1914-04,164.95,0.666666667,7.366666667,14.06666667
1914-05,46.68666667,5,12.86666667,20.7
1914-06,95.67333333,10.56666667,18.23333333,25.86666667
1914-07,122.43,11.1,18.03333333,24.93333333
1914-08,128.2533333,10.66666667,17.63333333,24.56666667
1914-09,42.31333333,5.633333333,13.33333333,21
1914-10,83.43,4.033333333,10.63333333,17.16666667
1914-11,39.08333333,-4.433333333,2.733333333,9.866666667
1914-12,154.6633333,-8.566666667,-4,0.566666667
1915-01,174.34,-7.933333333,-3.033333333,1.866666667
1915-02,100.5666667,-5.466666667,0.133333333,5.733333333
1915-03,54.82,-7.666666667,-2.733333333,2.2
1915-04,70.18333333,0.5,8.6,16.76666667
1915-05,115.3933333,5.766666667,12.56666667,19.46666667
1915-06,85.79,8.6,15.36666667,22.16666667
1915-07,122.5133333,11.03333333,17.46666667,23.93333333
1915-08,133.5633333,11.16666667,16.46666667,21.76666667
1915-09,106.1566667,9.233333333,15.56666667,21.96666667
1915-10,103.3466667,3.533333333,10.63333333,17.73333333
1915-11,79.67333333,-2.766666667,4.4,11.56666667
1915-12,110.8166667,-7.9,-3.1,1.633333333
1916-01,151.4666667,-5.8,0.9,7.633333333
1916-02,132.67,-9,-3.033333333,3
1916-03,143.0333333,-6.133333333,0.033333333,6.3
1916-04,105.4166667,0.2,6.3,12.36666667
1916-05,106.8166667,7,14.1,21.16666667
1916-06,131.68,7.9,14.5,21.06666667
1916-07,106.5733333,13.3,19.1,24.96666667
1916-08,117.2466667,12.06666667,18.03333333,23.9
1916-09,122.3333333,5.8,13,20.23333333
1916-10,74.80333333,0.5,8.833333333,17.2
1916-11,42.82,-4.1,3.266666667,10.66666667
1916-12,106.84,-9.033333333,-2.6,3.9
1917-01,148.72,-7.966666667,-1.966666667,4.033333333
1917-02,111.22,-10.06666667,-3.666666667,2.766666667
1917-03,211.7766667,-3.9,1.966666667,7.833333333
1917-04,75.59333333,0.3,7.333333333,14.4
1917-05,157.9066667,3.466666667,9.3,15.2
1917-06,100.7666667,8.4,15.46666667,22.53333333
1917-07,132.9966667,12.03333333,18.1,24.2
1917-08,65.80333333,10.7,17.43333333,24.23333333
1917-09,73.43333333,6.1,12.96666667,19.83333333
1917-10,103.04,-0.833333333,6.133333333,13.16666667
1917-11,33.89,-5.733333333,1,7.8
1917-12,44.50333333,-13.7,-7.6,-1.533333333
1918-01,143.5433333,-14.3,-8.9,-3.433333333
1918-02,114.4566667,-7.733333333,-1.2,5.333333333
1918-03,170.3933333,-3.1,4.566666667,12.23333333
1918-04,145.1033333,0.266666667,6.266666667,12.3
1918-05,154.5133333,7.866666667,15.13333333,22.36666667
1918-06,131.27,8.9,15.56666667,22.23333333
1918-07,95.64,9.9,16.43333333,23
1918-08,118.3133333,13.03333333,19.4,25.76666667
1918-09,86.14666667,4.6,11.46666667,18.36666667
1918-10,103.67,3.2,10.66666667,18.1
1918-11,62.14333333,-3.466666667,2.566666667,8.566666667
1918-12,139.2466667,-3.566666667,1.366666667,6.3
1919-01,130.1766667,-9,-2.366666667,4.3
1919-02,56.01666667,-7.7,-2,3.733333333
1919-03,78.01,-3.566666667,3.233333333,10.1
1919-04,69.1,-9.26E-18,6.933333333,13.86666667
1919-05,139.92,5.8,12.43333333,19.03333333
1919-06,169.2933333,11.13333333,17.9,24.7
1919-07,158.23,11.93333333,18.76666667,25.6
1919-08,124.9233333,10.4,16.66666667,23
1919-09,54.28,6.733333333,14.4,22.1
1919-10,159.5866667,7.366666667,13.5,19.63333333
1919-11,109.4,-2.7,3.533333333,9.7
1919-12,137.67,-10.1,-3.633333333,2.8
1920-01,137.01,-9.433333333,-4.2,1
1920-02,87.26,-8.3,-3.766666667,0.766666667
1920-03,104.85,-5.066666667,1.933333333,8.933333333
1920-04,142.0566667,-0.4,5.866666667,12.13333333
1920-05,91.28,3.466666667,10.73333333,17.93333333
1920-06,134.8666667,8.6,15.36666667,22.1
1920-07,150.9866667,9.866666667,16.73333333,23.63333333
1920-08,125.0133333,11.9,17.26666667,22.6
1920-09,79.80333333,8.733333333,15.56666667,22.36666667
1920-10,28.58,2.233333333,10.63333333,19.03333333
1920-11,110.7933333,-3,2.166666667,7.4
1920-12,95.4,-6.333333333,-1.633333333,3.033333333
1921-01,91.24666667,-7.3,-1.4,4.466666667
1921-02,76.64666667,-5.933333333,-0.4,5.166666667
1921-03,99.07,0.166666667,7.933333333,15.7
1921-04,70.72666667,1.433333333,9,16.53333333
1921-05,135.8466667,5.433333333,11.8,18.23333333
1921-06,118.9833333,10.73333333,17.53333333,24.43333333
1921-07,96.38,12.96666667,19.56666667,26.16666667
1921-08,144.4333333,10.3,16.9,23.5
1921-09,134.2966667,11.13333333,17.4,23.73333333
1921-10,88.19333333,0.266666667,8.6,16.93333333
1921-11,193.12,-0.933333333,4.7,10.26666667
1921-12,139.3466667,-5.5,-0.5,4.5
1922-01,97.22333333,-10.33333333,-4.333333333,1.766666667
1922-02,95.31,-5.133333333,0.533333333,6.2
1922-03,150.7633333,-2.7,3.366666667,9.5
1922-04,116.0033333,1.4,8.3,15.23333333
1922-05,106.2366667,6.7,14.06666667,21.33333333
1922-06,141.6766667,10.73333333,17.26666667,23.83333333
1922-07,139.3033333,12.5,18.6,24.7
1922-08,94.74333333,9.833333333,16.23333333,22.63333333
1922-09,42.93,7.433333333,14.83333333,22.23333333
1922-10,57.32666667,1.366666667,9,16.63333333
1922-11,43.59666667,-3.066666667,3.233333333,9.533333333
1922-12,151.6266667,-6.333333333,-0.3,5.733333333
1923-01,145.01,-6.8,-1.666666667,3.5
1923-02,124.8633333,-8.1,-3.4,1.266666667
1923-03,97.59,-5,2.166666667,9.233333333
1923-04,93.99666667,-1.433333333,6.366666667,14.1
1923-05,69.14666667,3.5,11.43333333,19.36666667
1923-06,142.5666667,9.866666667,16.93333333,24
1923-07,123.06,10.93333333,17.7,24.5
1923-08,121.7766667,11.66666667,17.46666667,23.26666667
1923-09,95.91333333,8.2,14.63333333,21.03333333
1923-10,35.31,-0.366666667,7,14.33333333
1923-11,107.1,-3.266666667,2.366666667,8
1923-12,197.5866667,-3.533333333,2.466666667,8.466666667
1924-01,146.9133333,-10.6,-4.233333333,2.2
1924-02,110.9,-8.366666667,-3.933333333,0.533333333
1924-03,137.2433333,-4.666666667,-0.133333333,4.433333333
1924-04,103.38,-0.666666667,6,12.7
1924-05,225.6133333,2.766666667,9.133333333,15.53333333
1924-06,128.0533333,10.03333333,16.5,23
1924-07,136.54,10.53333333,17.06666667,23.63333333
1924-08,118.4233333,10.96666667,17.76666667,24.56666667
1924-09,162.3966667,6.1,11.76666667,17.46666667
1924-10,10.71666667,0.133333333,8.366666667,16.56666667
1924-11,68.24666667,-3.2,2.2,7.6
1924-12,85.79666667,-8.166666667,-2.333333333,3.5
1925-01,116.0166667,-8.833333333,-3.766666667,1.3
1925-02,61.69333333,-4.833333333,1.433333333,7.7
1925-03,114.7666667,-4.366666667,2.7,9.766666667
1925-04,78.31333333,1,8.966666667,16.96666667
1925-05,84.65,2.833333333,10.03333333,17.2
1925-06,105.31,10.4,17.5,24.6
1925-07,139.2966667,10.7,17.63333333,24.6
1925-08,57.55666667,9.266666667,16.93333333,24.53333333
1925-09,82.04333333,10.36666667,17.46666667,24.6
1925-10,182.5166667,2.3,6.266666667,10.26666667
1925-11,104.5533333,-4.2,1.466666667,7.1
1925-12,41.35,-8,-3.2,1.6
1926-01,124.4733333,-9.366666667,-3.9,1.533333333
1926-02,126.8933333,-6.8,-1.566666667,3.733333333
1926-03,131.0766667,-7.1,-1.8,3.5
1926-04,102.7433333,-1.766666667,4.7,11.1
1926-05,89.65333333,4.9,12.23333333,19.6
1926-06,107.9333333,8.3,14.56666667,20.83333333
1926-07,134.9233333,11.8,18,24.3
1926-08,223.5333333,13.06666667,18.73333333,24.4
1926-09,146.21,10.83333333,16.26666667,21.76666667
1926-10,136.93,4.133333333,9.2,14.36666667
1926-11,107.0066667,-4.466666667,1.433333333,7.4
1926-12,189.1766667,-6.833333333,-2.266666667,2.333333333
1927-01,160.8066667,-7.233333333,-2.633333333,1.933333333
1927-02,156.1333333,-3.733333333,1.633333333,7.033333333
1927-03,84.38333333,-2.033333333,3.666666667,9.333333333
1927-04,192.07,0.8,6.866666667,12.93333333
1927-05,159.56,6.666666667,12.26666667,17.83333333
1927-06,111.9033333,8.033333333,14.36666667,20.7
1927-07,155.1033333,10.9,17.66666667,24.33333333
1927-08,152.1433333,9.3,14.93333333,20.6
1927-09,58.75,7.8,15.03333333,22.3
1927-10,127.08,3.066666667,10.26666667,17.5
1927-11,107.2033333,-0.433333333,5.233333333,10.83333333
1927-12,122.1566667,-7.566666667,-2.133333333,3.3
1928-01,85.81666667,-8.7,-3.066666667,2.566666667
1928-02,79.88333333,-7.066666667,-1.933333333,3.233333333
1928-03,127.2166667,-4.8,1.7,8.2
1928-04,173.9266667,-0.5,5.566666667,11.6
1928-05,97.82,3.8,11.13333333,18.4
1928-06,199.0933333,9.466666667,14.96666667,20.46666667
1928-07,123.99,12.06666667,18.3,24.53333333
1928-08,149.97,13.6,18.76666667,23.9
1928-09,90.49666667,6.633333333,12.16666667,17.63333333
1928-10,54.47666667,3.533333333,10.13333333,16.73333333
1928-11,128.4966667,-1.833333333,3.066666667,7.9
1928-12,73.64666667,-7.933333333,-1.7,4.6
1929-01,114.9433333,-9.1,-3.333333333,2.366666667
1929-02,83.86,-9.866666667,-4.2,1.533333333
1929-03,112.9766667,-2.666666667,4.2,11.03333333
1929-04,146.2833333,2.2,9.166666667,16.1
1929-05,196.1633333,5.533333333,11.96666667,18.36666667
1929-06,89.55666667,8.866666667,15.63333333,22.4
1929-07,122.7933333,10.6,17.36666667,24.1
1929-08,89.28,9.266666667,16.03333333,22.83333333
1929-09,92.84666667,7.4,14.56666667,21.73333333
1929-10,190.8066667,1.033333333,7.433333333,13.86666667
1929-11,122,-1.3,3.233333333,7.766666667
1929-12,95.98666667,-5.6,-0.466666667,4.766666667
1930-01,56.31666667,-7.133333333,-1.366666667,4.4
1930-02,77.66666667,-5.6,0.9,7.366666667
1930-03,108.32,-5.8,0.733333333,7.266666667
1930-04,82.58333333,-0.366666667,7.2,14.73333333
1930-05,74.16666667,5.966666667,13.33333333,20.63333333
1930-06,86.37333333,7.933333333,15.73333333,23.53333333
1930-07,57.95333333,10.53333333,18.8,27.1
1930-08,54.43333333,8.833333333,16.6,24.43333333
1930-09,36.40333333,9.2,16.66666667,24.16666667
1930-10,23.9,-1.2,6.6,14.36666667
1930-11,46.03333333,-4.733333333,1.966666667,8.666666667
1930-12,95.79666667,-9.033333333,-4.133333333,0.8
1931-01,51.15,-8.166666667,-2.666666667,2.866666667
1931-02,77.68666667,-6.366666667,-0.866666667,4.633333333
1931-03,109.19,-4.733333333,-1.133333333,2.533333333
1931-04,106.2,-0.733333333,6.366666667,13.46666667
1931-05,172.3233333,4.933333333,12,19.1
1931-06,103.5,9.266666667,16.56666667,23.93333333
1931-07,139.0733333,13.36666667,20.2,27.06666667
1931-08,186.23,11.36666667,17.26666667,23.16666667
1931-09,100.4733333,9.966666667,16.63333333,23.3
1931-10,46.88333333,2.9,10,17.06666667
1931-11,46.50666667,1.433333333,7.533333333,13.6
1931-12,117.67,-3.033333333,2.5,8
1932-01,127.39,-2.133333333,3.166666667,8.5
1932-02,126.54,-4.1,2,8.066666667
1932-03,194.8666667,-6.633333333,-0.866666667,4.9
1932-04,73.36666667,-0.4,6.9,14.2
1932-05,94.08666667,5.3,12.46666667,19.6
1932-06,120.0466667,9.266666667,16.46666667,23.63333333
1932-07,164.84,11.4,17.96666667,24.53333333
1932-08,103.0533333,10.33333333,17.6,24.9
1932-09,49.77,6.633333333,14.26666667,21.96666667
1932-10,129.2666667,2.466666667,9.266666667,16.06666667
1932-11,85.95333333,-4.933333333,1.866666667,8.6
1932-12,69.69,-7.3,-0.766666667,5.833333333
1933-01,98.42,-4.8,1.133333333,7.1
1933-02,107.3966667,-8.033333333,-1.366666667,5.333333333
1933-03,194.5,-4.8,0.866666667,6.466666667
1933-04,119.73,0.433333333,7.666666667,14.9
1933-05,231.0233333,8.8,14.7,20.63333333
1933-06,80.31,9.466666667,17.2,24.93333333
1933-07,167.6233333,11.1,17.93333333,24.76666667
1933-08,160,11.7,17.3,22.9
1933-09,99.76,10.9,17.03333333,23.23333333
1933-10,61.83666667,1.066666667,8.433333333,15.8
1933-11,80.42333333,-3.566666667,1.8,7.2
1933-12,124.03,-4.8,0.966666667,6.733333333
1934-01,104.0766667,-5.933333333,-0.5,4.966666667
1934-02,64.48,-13.96666667,-7.333333333,-0.733333333
1934-03,135.9766667,-6.333333333,0.966666667,8.3
1934-04,84.66666667,0.433333333,7.666666667,14.86666667
1934-05,74.27666667,4.666666667,12.96666667,21.23333333
1934-06,100.2633333,11.76666667,19.03333333,26.33333333
1934-07,119.8266667,14.06666667,20.86666667,27.66666667
1934-08,146,12.2,17.93333333,23.66666667
1934-09,134.76,9.3,15.93333333,22.6
1934-10,40.18666667,1.066666667,8.866666667,16.63333333
1934-11,109.68,-1.533333333,4.966666667,11.5
1934-12,66.68333333,-7.033333333,-2.266666667,2.466666667
1935-01,141.8833333,-7.7,-2,3.7
1935-02,77.92666667,-7.066666667,-1.566666667,3.933333333
1935-03,161.67,-0.5,5.933333333,12.33333333
1935-04,89.28333333,0.9,6.333333333,11.73333333
1935-05,169.0533333,4.666666667,11.6,18.56666667
1935-06,148.2833333,9.066666667,15.76666667,22.53333333
1935-07,136.8833333,13.5,19.73333333,25.96666667
1935-08,190.8766667,12.83333333,18.83333333,24.8
1935-09,95.84,8,14.86666667,21.7
1935-10,86,1.133333333,9.3,17.46666667
1935-11,92.26,-0.733333333,5,10.7
1935-12,134.4866667,-9.866666667,-5.633333333,-1.466666667
1936-01,121.5466667,-10.76666667,-5.533333333,-0.333333333
1936-02,86.53,-11.03333333,-4.433333333,2.133333333
1936-03,209.92,-2.566666667,4.1,10.83333333
1936-04,108.77,-0.766666667,6.166666667,13.1
1936-05,76.37,5.566666667,14.1,22.7
1936-06,83.33333333,9.133333333,16.96666667,24.86666667
1936-07,176.9433333,12.33333333,19.43333333,26.53333333
1936-08,105.79,12.76666667,19.63333333,26.46666667
1936-09,54.18666667,9.4,16.46666667,23.53333333
1936-10,111.7533333,4.133333333,10.5,16.9
1936-11,72.54333333,-3.933333333,2.266666667,8.5
1936-12,110.3433333,-5.3,0.166666667,5.6
1937-01,189.3566667,-1.366666667,4.066666667,9.466666667
1937-02,104,-7.266666667,-1.633333333,4
1937-03,71.00333333,-5.666666667,0.333333333,6.3
1937-04,121.63,0.666666667,7.333333333,13.93333333
1937-05,109.92,4.866666667,12.26666667,19.63333333
1937-06,121.14,11.1,17.53333333,23.93333333
1937-07,101.1833333,11.2,17.86666667,24.53333333
1937-08,181.8266667,12.9,19.16666667,25.43333333
1937-09,74.95,6.533333333,13.2,19.93333333
1937-10,241.1733333,1.666666667,7.433333333,13.2
1937-11,53.77,-4.033333333,2.066666667,8.133333333
1937-12,84.54,-7.233333333,-2.4,2.366666667
1938-01,58.78,-7.633333333,-2.1,3.366666667
1938-02,102.5333333,-3.8,2,7.833333333
1938-03,118.3266667,-0.6,5.833333333,12.26666667
1938-04,76.33666667,1.7,9.133333333,16.56666667
1938-05,203.2866667,5.866666667,12.53333333,19.23333333
1938-06,157.2933333,8.933333333,15.6,22.2
1938-07,164.3233333,12.56666667,18.83333333,25.13333333
1938-08,66.51333333,11.93333333,18.96666667,25.96666667
1938-09,109.2333333,9.566666667,15.3,21
1938-10,30.42333333,0.833333333,9.566666667,18.36666667
1938-11,115.8333333,-3.766666667,4.466666667,12.63333333
1938-12,53.35666667,-6.633333333,-1.366666667,3.9
1939-01,134.86,-6.1,-0.433333333,5.2
1939-02,165.7266667,-5.566666667,1,7.566666667
1939-03,127.89,-2.666666667,4.366666667,11.3
1939-04,166.42,-0.333333333,6.533333333,13.4
1939-05,55.31333333,5.666666667,13.6,21.6
1939-06,149.7466667,12.06666667,18.7,25.3
1939-07,183.1666667,11.56666667,17.96666667,24.36666667
1939-08,55.93,11.53333333,18.6,25.6
1939-09,54.18,8.266666667,16.73333333,25.16666667
1939-10,93.09666667,1.733333333,10.3,18.9
1939-11,29.76666667,-4.3,2.333333333,8.966666667
1939-12,86.08333333,-6.1,-0.333333333,5.466666667
1940-01,49.83,-14.03333333,-9.1,-4.166666667
1940-02,110.86,-7.833333333,-1.966666667,3.866666667
1940-03,108.4833333,-5.4,0.433333333,6.233333333
1940-04,136.3333333,-0.7,6.366666667,13.43333333
1940-05,156.2566667,4.7,12.13333333,19.6
1940-06,184.0966667,10.93333333,17.4,23.83333333
1940-07,132.76,11.53333333,18.33333333,25.13333333
1940-08,147.8133333,12.1,18.13333333,24.16666667
1940-09,83.08333333,5.066666667,12.9,20.73333333
1940-10,58.07666667,1.7,9.066666667,16.4
1940-11,91.47,-2.8,3.066666667,8.933333333
1940-12,57.80666667,-4.133333333,2,8.133333333
1941-01,95.18666667,-7.733333333,-2.233333333,3.3
1941-02,34.32666667,-10.83333333,-5.366666667,0.1
1941-03,57.21333333,-8.7,-1.7,5.3
1941-04,74.24666667,1.266666667,9.6,17.96666667
1941-05,74.39666667,3.5,12.53333333,21.53333333
1941-06,157.11,10.3,16.9,23.46666667
1941-07,137.6966667,13.1,19.76666667,26.43333333
1941-08,154.48,10.2,17.83333333,25.43333333
1941-09,57.77333333,7.766666667,16.13333333,24.5
1941-10,92.98666667,4.7,12.13333333,19.6
1941-11,62.52666667,-3.566666667,4.1,11.76666667
1941-12,72.19,-4.5,1.366666667,7.266666667
1942-01,65.84,-9.633333333,-3.333333333,2.933333333
1942-02,82.47333333,-10.16666667,-4.5,1.233333333
1942-03,107.3333333,-3.5,3.233333333,9.9
1942-04,53.83,0.333333333,9,17.66666667
1942-05,150.9066667,6.5,13.83333333,21.13333333
1942-06,132.7133333,11.4,18.1,24.76666667
1942-07,125.7566667,12.73333333,19.46666667,26.16666667
1942-08,255.5033333,12.2,18.2,24.23333333
1942-09,100.73,7.933333333,14.93333333,21.9
1942-10,108.8166667,3.266666667,10.1,17
1942-11,107.99,-1.7,4.266666667,10.23333333
1942-12,151.67,-8.466666667,-3.1,2.2
1943-01,120.3133333,-6.7,-0.866666667,5
1943-02,72.31666667,-8.566666667,-2.033333333,4.5
1943-03,142.54,-6.166666667,0.933333333,8.066666667
1943-04,107.5766667,-2.033333333,5.1,12.2
1943-05,129.49,6.8,13.7,20.53333333
1943-06,113.0533333,12.83333333,19.66666667,26.5
1943-07,216.1566667,12.26666667,18.63333333,24.96666667
1943-08,125.78,10.73333333,18.03333333,25.33333333
1943-09,35.10333333,4.966666667,12.93333333,20.9
1943-10,60.94333333,1.166666667,7.933333333,14.73333333
1943-11,84.13333333,-4.7,2.1,8.933333333
1943-12,73.11,-9,-3.266666667,2.466666667
1944-01,56.12666667,-9.1,-2.466666667,4.2
1944-02,123.5666667,-6.933333333,-0.633333333,5.633333333
1944-03,133.26,-5.3,1.133333333,7.533333333
1944-04,140.9366667,-0.366666667,6.4,13.13333333
1944-05,150.49,6.833333333,15.03333333,23.2
1944-06,119.6133333,10.03333333,17.4,24.73333333
1944-07,62.4,10.3,18,25.7
1944-08,97.68666667,10.06666667,17.46666667,24.9
1944-09,110.17,7.766666667,14.33333333,20.83333333
1944-10,118.09,1.666666667,8.8,16.03333333
1944-11,69.30666667,-3.1,2.566666667,8.2
1944-12,138.5866667,-10.23333333,-4.4,1.4
1945-01,95.65333333,-9.7,-4.533333333,0.6
1945-02,123.6333333,-7.5,-1.433333333,4.7
1945-03,119.7133333,-0.066666667,7.633333333,15.26666667
1945-04,89.27666667,1.466666667,9.4,17.26666667
1945-05,157.71,3.566666667,10.66666667,17.7
1945-06,100.8566667,8.9,15.9,22.9
1945-07,184.2733333,11.13333333,17.96666667,24.83333333
1945-08,79.33666667,9.733333333,17.03333333,24.33333333
1945-09,174.1866667,9.8,16.1,22.43333333
1945-10,44.44,0.433333333,8.133333333,15.9
1945-11,151.34,-1.9,4.066666667,10
1945-12,74.91333333,-9.333333333,-4.9,-0.466666667
1946-01,84.2,-7.233333333,-1.633333333,3.966666667
1946-02,94.21333333,-7.133333333,-0.566666667,6.033333333
1946-03,90.69,-0.833333333,6.766666667,14.36666667
1946-04,69.17,0.633333333,8,15.33333333
1946-05,152.7633333,6.1,12.56666667,18.96666667
1946-06,126.8333333,9.266666667,16.46666667,23.63333333
1946-07,98.32333333,10.36666667,17.83333333,25.33333333
1946-08,55.14666667,8.633333333,15.7,22.76666667
1946-09,54.22,6.9,14.93333333,22.96666667
1946-10,76.71,1.033333333,10.16666667,19.26666667
1946-11,56.88,-1.6,5.933333333,13.46666667
1946-12,76.27666667,-5.733333333,0.633333333,6.966666667
1947-01,132.9866667,-4.633333333,1,6.666666667
1947-02,56.61666667,-12.26666667,-6.833333333,-1.433333333
1947-03,83.42333333,-8.9,-3.133333333,2.6
1947-04,64.01,1.633333333,9.5,17.4
1947-05,118.9966667,4.433333333,11.96666667,19.43333333
1947-06,116.8766667,8.5,15.76666667,23.03333333
1947-07,134.78,9.233333333,16.26666667,23.23333333
1947-08,136.2766667,13.23333333,19.66666667,26.06666667
1947-09,97.78333333,8.233333333,15.03333333,21.8
1947-10,55.20666667,4.466666667,12.43333333,20.4
1947-11,92.70333333,-2.1,2.4,6.866666667
1947-12,47.14,-8.333333333,-2.2,3.9
1948-01,83.05333333,-12.13333333,-6.533333333,-0.966666667
1948-02,136.7766667,-6.5,-0.166666667,6.1
1948-03,144.92,-2.3,4.7,11.7
1948-04,152.13,2.866666667,10.13333333,17.4
1948-05,155.6,5.2,11.83333333,18.43333333
1948-06,130.7333333,9.566666667,16.6,23.6
1948-07,170.66,11.73333333,18.3,24.9
1948-08,135.9033333,10.06666667,17.2,24.33333333
1948-09,128.4766667,7.466666667,14.26666667,21.03333333
1948-10,71.47,0.5,7.533333333,14.53333333
1948-11,128.0566667,-0.566666667,5.7,11.9
1948-12,152.9133333,-5.633333333,0.066666667,5.766666667
1949-01,175.1166667,-2.533333333,2.733333333,8.033333333
1949-02,130.7033333,-4.333333333,1.8,7.966666667
1949-03,89.39666667,-5,1.766666667,8.533333333
1949-04,104.76,-0.6,6.233333333,13.06666667
1949-05,99.72333333,5,12.93333333,20.86666667
1949-06,119.1966667,9.633333333,17.2,24.76666667
1949-07,159.9433333,13.86666667,19.83333333,25.86666667
1949-08,133.0266667,11.13333333,17.63333333,24.2
1949-09,75.44666667,6.333333333,12.73333333,19.13333333
1949-10,94.07,5.3,11.93333333,18.56666667
1949-11,84.15,-4,2.3,8.633333333
1949-12,103.4966667,-6.766666667,-0.233333333,6.266666667
1950-01,184.77,-1.7,4.7,11.1
1950-02,113.69,-6.933333333,-1.433333333,3.966666667
1950-03,156.1566667,-7.2,-0.133333333,6.866666667
1950-04,74.52333333,-1.733333333,5.533333333,12.76666667
1950-05,155.1333333,6.233333333,12.9,19.63333333
1950-06,175.3833333,9.3,16.36666667,23.36666667
1950-07,141.1633333,11.26666667,17.63333333,24.03333333
1950-08,99.06666667,10.76666667,17.06666667,23.4
1950-09,164.7533333,7.033333333,13.4,19.76666667
1950-10,79.75666667,3.933333333,10.86666667,17.76666667
1950-11,133.7066667,-4.4,1.866666667,8.033333333
1950-12,82.33,-9.466666667,-4.466666667,0.566666667
1951-01,100.71,-7.1,-0.5,6.1
1951-02,101.6066667,-8,-0.7,6.666666667
1951-03,130.9933333,-3.233333333,2.6,8.433333333
1951-04,158.6166667,0.733333333,6.866666667,13
1951-05,133.4366667,5.2,12.66666667,20.03333333
1951-06,183.4166667,10.6,17.16666667,23.66666667
1951-07,99.40333333,11.66666667,18.53333333,25.4
1951-08,82.38333333,10.33333333,17.46666667,24.66666667
1951-09,82.94333333,7.233333333,14.36666667,21.53333333
1951-10,36.09333333,1.833333333,10.1,18.4
1951-11,108.7766667,-5.866666667,0.2,6.233333333
1951-12,143.24,-7.3,-0.766666667,5.7
1952-01,188.85,-5.366666667,0.8,6.966666667
1952-02,40.64,-5.933333333,0.066666667,6.033333333
1952-03,107.55,-4.833333333,1.7,8.166666667
1952-04,111.2166667,1.2,7.7,14.2
1952-05,159.4333333,5.666666667,12.63333333,19.53333333
1952-06,89.92333333,11.5,18.76666667,26.06666667
1952-07,78.14666667,12.46666667,19.6,26.8
1952-08,143.14,10.96666667,17.86666667,24.8
1952-09,70.19333333,4.966666667,13.5,22
1952-10,31.82,-1.933333333,6.766666667,15.46666667
1952-11,64.85,-2.166666667,3.9,10.03333333
1952-12,82.36,-6.366666667,-1.3,3.733333333
1953-01,121.2166667,-5.533333333,0.166666667,5.9
1953-02,98.49666667,-6.233333333,-0.1,6.1
1953-03,111.7833333,-3.4,2.333333333,8.133333333
1953-04,100.33,0.133333333,6.533333333,12.93333333
1953-05,140.9133333,8.533333333,15.2,21.9
1953-06,128.2933333,9.966666667,17.63333333,25.3
1953-07,88.54,10.73333333,18.53333333,26.33333333
1953-08,93.33333333,9.533333333,17.7,25.9
1953-09,58.91,5.733333333,14.43333333,23.1
1953-10,32.71333333,0.666666667,10,19.33333333
1953-11,37.28333333,-5.533333333,2.333333333,10.26666667
1953-12,87.66,-6.966666667,-1,5.066666667
1954-01,100.7266667,-7.666666667,-1.733333333,4.233333333
1954-02,60.55,-5.466666667,0.7,6.866666667
1954-03,157.9033333,-5.266666667,1.433333333,8.133333333
1954-04,93.76,3.133333333,10.83333333,18.46666667
1954-05,90.06333333,3.5,10.03333333,16.56666667
1954-06,110.9766667,9.266666667,16.73333333,24.16666667
1954-07,202.2166667,10.33333333,18,25.56666667
1954-08,191.6766667,12.33333333,18,23.7
1954-09,65.52333333,7.7,15.5,23.23333333
1954-10,222.9733333,2.6,9.466666667,16.26666667
1954-11,58.07666667,-4.366666667,1.433333333,7.2
1954-12,108.08,-8.266666667,-3.1,2.166666667
1955-01,91.41666667,-10.06666667,-4.233333333,1.566666667
1955-02,151.8333333,-8.566666667,-1.8,5
1955-03,212.0966667,-3.433333333,3.3,10.03333333
1955-04,68.69,2.166666667,9.566666667,16.96666667
1955-05,93.27,5.966666667,13.7,21.4
1955-06,103.5866667,6.666666667,13.63333333,20.5
1955-07,87.44333333,13.7,20.4,27.06666667
1955-08,160.9166667,13.2,19.4,25.6
1955-09,41.90666667,7.7,15.16666667,22.66666667
1955-10,85.14,1.966666667,9.333333333,16.7
1955-11,72.04333333,-5.233333333,1.533333333,8.366666667
1955-12,52.95666667,-10.83333333,-4.466666667,1.933333333
1956-01,89.04333333,-10.5,-5,0.466666667
1956-02,157.36,-4.9,0.733333333,6.3
1956-03,152.5033333,-4.866666667,1.666666667,8.266666667
1956-04,115.3766667,-0.7,5.833333333,12.36666667
1956-05,181.95,5.133333333,12.73333333,20.33333333
1956-06,151.49,8.866666667,15.96666667,23.06666667
1956-07,175.4666667,11.76666667,17.8,23.9
1956-08,177.96,10.73333333,17.3,23.86666667
1956-09,113.7666667,6.4,13.13333333,19.86666667
1956-10,75.73666667,4.3,10.6,16.86666667
1956-11,65.07,-3.766666667,2.6,8.866666667
1956-12,147.1866667,-2.066666667,3.3,8.633333333
1957-01,156.1466667,-9.233333333,-3.766666667,1.666666667
1957-02,143.2966667,-4.166666667,1.4,7
1957-03,75.56333333,-3.4,2.133333333,7.7
1957-04,131.81,2.766666667,9.7,16.56666667
1957-05,80.00666667,6,13.73333333,21.5
1957-06,163.1666667,11.66666667,17.96666667,24.23333333
1957-07,89.79666667,11.26666667,18.3,25.4
1957-08,56.92666667,9.433333333,17.16666667,24.93333333
1957-09,112.0466667,9.266666667,15.53333333,21.8
1957-10,120.0066667,-0.033333333,6.666666667,13.33333333
1957-11,66.32,-2.033333333,4.1,10.2
1957-12,149.7366667,-6.5,-0.466666667,5.6
1958-01,101.9066667,-10.8,-5.333333333,0.166666667
1958-02,98.49333333,-12.33333333,-7.4,-2.5
1958-03,109.6933333,-5.2,-1.1,2.933333333
1958-04,147.5866667,0.2,7.233333333,14.26666667
1958-05,144.9,4.8,11.93333333,19.03333333
1958-06,119.14,8.266666667,15.2,22.2
1958-07,245.5766667,13.23333333,19.23333333,25.23333333
1958-08,178.5166667,11.03333333,17.3,23.6
1958-09,82.89333333,7.2,14.33333333,21.4
1958-10,51.81,1.566666667,8.466666667,15.4
1958-11,77.99666667,-2.566666667,4.6,11.66666667
1958-12,39.35,-11.53333333,-5.133333333,1.233333333
1959-01,106.5466667,-10.06666667,-3.966666667,2.133333333
1959-02,73.8,-8,-1.1,5.766666667
1959-03,99.73,-6.4,0.9,8.2
1959-04,129.3033333,1,8.366666667,15.66666667
1959-05,126.8866667,7.266666667,14.63333333,22
1959-06,90.21333333,8.266666667,15.8,23.33333333
1959-07,135.5233333,11.86666667,18.7,25.43333333
1959-08,98.94333333,12.73333333,19.43333333,26.1
1959-09,36.71,7.333333333,15.43333333,23.56666667
1959-10,156.4666667,3.466666667,9.8,16.16666667
1959-11,132.7566667,-4,2.533333333,9.033333333
1959-12,105.5866667,-5.6,-0.466666667,4.7
1960-01,138.54,-6.566666667,-1.833333333,2.9
1960-02,108.24,-8.766666667,-3.433333333,1.9
1960-03,81.35333333,-11.96666667,-5.933333333,0.033333333
1960-04,85.62,1.9,9.4,16.96666667
1960-05,138.53,4.8,10.96666667,17.2
1960-06,80.81,9.066666667,16.2,23.36666667
1960-07,117.8766667,10.4,17.26666667,24.13333333
1960-08,117.9766667,12.56666667,18.8,25.03333333
1960-09,144.6366667,9.1,15.43333333,21.7
1960-10,77.68,2.4,9.233333333,16.06666667
1960-11,75.59666667,-3.666666667,3.566666667,10.73333333
1960-12,75.28666667,-12.9,-6.1,0.666666667
1961-01,89.61,-12.3,-6.3,-0.3
1961-02,121.6,-5.566666667,0.3,6.133333333
1961-03,166.31,-1.8,4.033333333,9.866666667
1961-04,150.6633333,-1,4.466666667,9.866666667
1961-05,132.8133333,2.8,9.966666667,17.13333333
1961-06,152.7166667,8.3,15.43333333,22.53333333
1961-07,154.16,11.6,17.93333333,24.26666667
1961-08,114.6066667,12,18.26666667,24.53333333
1961-09,94.67,9.766666667,16.76666667,23.76666667
1961-10,137.6066667,1.533333333,9.366666667,17.26666667
1961-11,75.49666667,-0.4,4.833333333,10.1
1961-12,139.9,-7.133333333,-1.666666667,3.833333333
1962-01,108.6233333,-9,-3.033333333,3
1962-02,126.99,-6.6,-0.466666667,5.633333333
1962-03,115.16,-4.966666667,1.033333333,7.033333333
1962-04,113.63,-0.966666667,5.733333333,12.5
1962-05,87.28,7.833333333,15.36666667,22.93333333
1962-06,111.8666667,9.633333333,16.43333333,23.26666667
1962-07,112.6833333,10.3,16.9,23.46666667
1962-08,57.53333333,9.733333333,17.13333333,24.6
1962-09,105.7433333,6.7,13.1,19.46666667
1962-10,131.1433333,3,9.766666667,16.5
1962-11,129.5933333,-2.933333333,2.5,7.966666667
1962-12,103.8566667,-10.53333333,-4.6,1.333333333
1963-01,65.03333333,-12.56666667,-5.566666667,1.4
1963-02,90.77333333,-13.13333333,-6.166666667,0.733333333
1963-03,237.9666667,-3.1,3.633333333,10.4
1963-04,63.24666667,-0.2,7.666666667,15.56666667
1963-05,98.20333333,4.233333333,11.66666667,19.16666667
1963-06,115.2,8.833333333,15.83333333,22.9
1963-07,118.18,10.16666667,17.2,24.2
1963-08,118.7733333,10.33333333,16.66666667,23
1963-09,65.61,5.7,13.3,20.9
1963-10,9.72,0.133333333,10.2,20.23333333
1963-11,158.2266667,-1.333333333,4.166666667,9.666666667
1963-12,60.72666667,-11.53333333,-6.9,-2.2
1964-01,94.79,-9.133333333,-2.433333333,4.333333333
1964-02,124.0833333,-10.43333333,-4.766666667,0.933333333
1964-03,115.24,-4.5,2.266666667,8.966666667
1964-04,128.1833333,1.466666667,8.4,15.4
1964-05,45.36333333,5.5,13.4,21.33333333
1964-06,114.88,9.566666667,16.8,24.03333333
1964-07,117.2733333,11.36666667,18.36666667,25.43333333
1964-08,98.35,9.866666667,16.83333333,23.76666667
1964-09,132.79,6.7,14.63333333,22.53333333
1964-10,41.76666667,-0.866666667,7.033333333,14.86666667
1964-11,72.09,-2.533333333,5.233333333,13.03333333
1964-12,117.52,-5.933333333,-0.166666667,5.633333333
1965-01,153.7333333,-9.3,-3.033333333,3.2
1965-02,66.77666667,-9.266666667,-2.333333333,4.666666667
1965-03,127.9533333,-5.333333333,0.5,6.333333333
1965-04,183.7133333,0.866666667,7.766666667,14.63333333
1965-05,64.74666667,7.366666667,15.06666667,22.73333333
1965-06,62.62,8.733333333,15.7,22.7
1965-07,104.5033333,10.86666667,17.86666667,24.83333333
1965-08,86.58333333,10.5,17.56666667,24.7
1965-09,96.68,9.4,16.33333333,23.26666667
1965-10,80.42666667,0.866666667,7.833333333,14.76666667
1965-11,34.97333333,-2.166666667,4.066666667,10.3
1965-12,29.69333333,-5.6,0.133333333,5.8
1966-01,107.4333333,-11.3,-5.733333333,-0.166666667
1966-02,90.76333333,-8.366666667,-3.133333333,2.133333333
1966-03,57.9,-4.533333333,2.9,10.33333333
1966-04,149.9533333,0.666666667,5.866666667,11.13333333
1966-05,91.11333333,4.433333333,12.2,19.96666667
1966-06,49.4,6.866666667,15.56666667,24.33333333
1966-07,100.6366667,11.26666667,19.03333333,26.8
1966-08,110.35,10.5,17.23333333,24
1966-09,162.7266667,6.733333333,12.9,19.1
1966-10,71.79,0.066666667,7.533333333,15.03333333
1966-11,93.48666667,-3.133333333,4.033333333,11.23333333
1966-12,78.15333333,-7.366666667,-2.3,2.766666667
1967-01,41.40333333,-7.2,-1,5.233333333
1967-02,108.9333333,-10.76666667,-4.3,2.166666667
1967-03,236.1333333,-3.333333333,3.566666667,10.43333333
1967-04,119.7933333,1.2,8.7,16.2
1967-05,236.1766667,3.533333333,9.866666667,16.16666667
1967-06,58.67333333,9.033333333,16.5,23.96666667
1967-07,142.8666667,11.3,17.2,23.16666667
1967-08,114.4,10.46666667,16.5,22.53333333
1967-09,84.10333333,4.5,12.16666667,19.83333333
1967-10,93.62,1.166666667,8.5,15.83333333
1967-11,77.88333333,-4.266666667,1.1,6.466666667
1967-12,151.0366667,-6.133333333,-0.233333333,5.666666667
1968-01,73.27,-12.7,-5.766666667,1.2
1968-02,28.21666667,-12.93333333,-6.666666667,-0.5
1968-03,133.4666667,-4.566666667,3.133333333,10.8
1968-04,88.47666667,0.766666667,8.233333333,15.66666667
1968-05,187.4,4.4,10.93333333,17.53333333
1968-06,72.84,9,16.33333333,23.73333333
1968-07,88.03333333,11.36666667,18.46666667,25.6
1968-08,101.41,12.63333333,18.96666667,25.33333333
1968-09,66.46,6.9,14.36666667,21.9
1968-10,109.9066667,2.533333333,9.166666667,15.73333333
1968-11,107.6733333,-1.333333333,3.933333333,9.2
1968-12,95.12,-9.1,-3.766666667,1.566666667
1969-01,82.09,-10.4,-4.6,1.2
1969-02,60.42333333,-7.6,-2.933333333,1.7
1969-03,85.42,-7.633333333,-1.6,4.5
1969-04,100.1566667,0.566666667,8.5,16.43333333
1969-05,82.62666667,5.266666667,13,20.7
1969-06,102.9566667,10.36666667,17.2,24.06666667
1969-07,173.0266667,13.03333333,19.36666667,25.7
1969-08,162.1133333,10.63333333,17.23333333,23.83333333
1969-09,123.6766667,7.8,14.2,20.56666667
1969-10,54.12,0.866666667,8.766666667,16.7
1969-11,69.50333333,-4.033333333,1.6,7.233333333
1969-12,183.0933333,-9.066666667,-4.866666667,-0.7
1970-01,55.75666667,-12.76666667,-7.233333333,-1.666666667
1970-02,80.01333333,-8.7,-2.933333333,2.833333333
1970-03,116.5933333,-4.8,0.466666667,5.7
1970-04,150.3366667,0.8,8,15.13333333
1970-05,55.01666667,5.8,13.8,21.73333333
1970-06,121.0666667,9.6,16.36666667,23.13333333
1970-07,163.07,11.6,18.13333333,24.6
1970-08,112.9233333,11.23333333,17.73333333,24.26666667
1970-09,112.28,9.333333333,16.43333333,23.56666667
1970-10,75.72,3.666666667,10.13333333,16.66666667
1970-11,112.4233333,-1.9,3.233333333,8.4
1970-12,137.1533333,-6.633333333,-0.9,4.733333333
1971-01,169.8833333,-11.4,-5.8,-0.166666667
1971-02,100.2966667,-8.6,-2.5,3.6
1971-03,100.4333333,-7.1,-0.666666667,5.766666667
1971-04,38.75333333,-3.433333333,5.7,14.86666667
1971-05,146.3366667,2.933333333,10.16666667,17.36666667
1971-06,80.80666667,10.5,17.4,24.3
1971-07,136.8566667,10.63333333,17.23333333,23.9
1971-08,113.3066667,10.4,16.86666667,23.36666667
1971-09,200.9666667,10.76666667,16.26666667,21.73333333
1971-10,69.38333333,6.266666667,12,17.73333333
1971-11,96.63333333,-3.7,2.3,8.366666667
1971-12,65.62666667,-3.6,2.4,8.5
1972-01,164.47,-7.366666667,-1.333333333,4.7
1972-02,169.0633333,-9.8,-3.866666667,2
1972-03,91.28,-4.766666667,1.966666667,8.666666667
1972-04,192.0733333,-0.233333333,6.8,13.8
1972-05,138.3633333,5.266666667,12.2,19.1
1972-06,192.9566667,7.6,14,20.43333333
1972-07,152.92,12.13333333,18.03333333,23.96666667
1972-08,112.82,11.5,17.46666667,23.46666667
1972-09,81.67666667,9.166666667,15.56666667,22
1972-10,136.78,1.533333333,7.8,14.03333333
1972-11,168.8433333,-2.2,2.766666667,7.733333333
1972-12,194.4533333,-3,1.666666667,6.333333333
1973-01,71.78333333,-8.6,-2.333333333,3.9
1973-02,91.06333333,-8.7,-2.666666667,3.366666667
1973-03,86.44333333,0.433333333,6.533333333,12.63333333
1973-04,207.41,1.5,6.866666667,12.2
1973-05,129.8533333,4.666666667,11,17.33333333
1973-06,121.62,10.7,17.7,24.73333333
1973-07,126.1166667,11.9,18.46666667,25.1
1973-08,116.3333333,12.1,18.23333333,24.33333333
1973-09,111.74,8.866666667,15.76666667,22.63333333
1973-10,116.3466667,3.166666667,10.36666667,17.5
1973-11,116.36,-2,4.2,10.36666667
1973-12,146.5566667,-6.333333333,-1.233333333,3.8
1974-01,155.9466667,-2.3,2.733333333,7.733333333
1974-02,88.28333333,-7.766666667,-1.7,4.433333333
1974-03,116.9133333,-2.166666667,4.333333333,10.9
1974-04,95.64333333,0.2,7.966666667,15.76666667
1974-05,141.63,5.5,12.43333333,19.4
1974-06,210.6333333,8.366666667,14.63333333,20.86666667
1974-07,86.01,10.73333333,17.73333333,24.73333333
1974-08,128.2733333,11.4,17.4,23.36666667
1974-09,87.87,7,13.33333333,19.63333333
1974-10,64.76666667,-0.966666667,7.233333333,15.5
1974-11,78.48333333,-3.033333333,3.5,10
1974-12,114.1666667,-6.933333333,-1.733333333,3.5
1975-01,136.7566667,-7.333333333,-1.233333333,4.833333333
1975-02,99.5,-6.133333333,-0.466666667,5.166666667
1975-03,162.9666667,-5.233333333,0.433333333,6.133333333
1975-04,121.72,-2,4.966666667,11.93333333
1975-05,154.93,7.533333333,14.36666667,21.13333333
1975-06,122.8766667,10.4,16.7,23.03333333
1975-07,100.5366667,11.43333333,17.9,24.46666667
1975-08,137.0566667,12.16666667,18.96666667,25.76666667
1975-09,147.08,7.666666667,13.76666667,19.76666667
1975-10,82.78,3.433333333,10.93333333,18.43333333
1975-11,66.42333333,-2.166666667,5.3,12.8
1975-12,87.86333333,-6.733333333,-1,4.733333333
1976-01,126.2066667,-10.4,-4.733333333,0.9
1976-02,77.93333333,-5.133333333,1.966666667,9.1
1976-03,92.96,-2.2,5.3,12.83333333
1976-04,51.76666667,-1.333333333,7.6,16.53333333
1976-05,79.82,3.433333333,10.93333333,18.43333333
1976-06,105.84,9.766666667,16.66666667,23.5
1976-07,152.6333333,10.56666667,17.06666667,23.56666667
1976-08,47.62666667,9.133333333,16.23333333,23.3
1976-09,137.85,6.3,13.36666667,20.46666667
1976-10,227.8333333,-0.2,6,12.23333333
1976-11,52.44,-7.2,-1,5.2
1976-12,74.87666667,-11.3,-4.5,2.3
1977-01,61.81333333,-16.76666667,-10.93333333,-5.033333333
1977-02,45.26,-10.8,-4.066666667,2.733333333
1977-03,93.47,-2.433333333,4.733333333,11.86666667
1977-04,105.77,1.3,9.133333333,16.93333333
1977-05,54.66,5.766666667,13.9,22
1977-06,130.73,8.1,14.7,21.33333333
1977-07,122.1533333,11.93333333,19.13333333,26.26666667
1977-08,141.5266667,12,18.23333333,24.46666667
1977-09,83.11666667,10.13333333,16.13333333,22.1
1977-10,132,1.333333333,7.5,13.63333333
1977-11,105.34,0.366666667,5,9.666666667
1977-12,92.32666667,-8.4,-2.833333333,2.766666667
1978-01,169.7633333,-13.16666667,-7.5,-1.933333333
1978-02,33.68333333,-14.46666667,-8.366666667,-2.266666667
1978-03,91.88,-5.4,0.633333333,6.633333333
1978-04,79.90333333,0.766666667,7.733333333,14.7
1978-05,128.3033333,4.933333333,11.43333333,18
1978-06,130.1366667,9.3,16.5,23.63333333
1978-07,193.53,12.06666667,18.4,24.66666667
1978-08,120.4566667,12.83333333,19.13333333,25.36666667
1978-09,48.2,10,16.4,22.76666667
1978-10,60.87666667,-0.1,7.566666667,15.2
1978-11,80.57666667,-1.166666667,5.266666667,11.66666667
1978-12,192.69,-7.366666667,-1.066666667,5.266666667
1979-01,189.4266667,-10.26666667,-5.3,-0.4
1979-02,121.0033333,-13.1,-7,-0.933333333
1979-03,74.42666667,-4.066666667,3.1,10.23333333
1979-04,103.34,1.2,7.366666667,13.5
1979-05,138.7566667,4.533333333,11.93333333,19.3
1979-06,112.5466667,8.333333333,15.13333333,21.96666667
1979-07,158.8266667,11.76666667,17.4,23
1979-08,143.4166667,11.76666667,17.66666667,23.53333333
1979-09,152.9533333,8.5,14.36666667,20.23333333
1979-10,139.42,1.233333333,7.566666667,13.86666667
1979-11,105.3466667,-1.566666667,4.633333333,10.86666667
1979-12,62.65,-8,-1.2,5.6
1980-01,89.59333333,-8.1,-3,2.1
1980-02,58.05,-12.53333333,-6.3,-0.133333333
1980-03,138.91,-6.8,-0.133333333,6.533333333
1980-04,156.0266667,-0.066666667,7.033333333,14.16666667
1980-05,122.6266667,4.666666667,12.16666667,19.7
1980-06,103.7733333,6.966666667,14.7,22.36666667
1980-07,173.3,12.3,19.06666667,25.86666667
1980-08,147.5366667,12.4,18.76666667,25.16666667
1980-09,78.27,9.233333333,15.8,22.4
1980-10,64.15666667,0.033333333,7.2,14.26666667
1980-11,102.96,-4.666666667,1.633333333,7.966666667
1980-12,50.11666667,-8.133333333,-2.2,3.733333333
1981-01,39.31333333,-12.86666667,-7.266666667,-1.666666667
1981-02,118.5666667,-9.433333333,-2.233333333,4.933333333
1981-03,104.5066667,-6.766666667,-0.866666667,5.1
1981-04,115.55,1.5,9.433333333,17.4
1981-05,189.63,3.466666667,10.93333333,18.36666667
1981-06,196.4833333,10.56666667,17.1,23.63333333
1981-07,128.03,12.13333333,18.26666667,24.36666667
1981-08,63.81,10,16.86666667,23.7
1981-09,142.4633333,7.266666667,13.86666667,20.5
1981-10,127.1866667,0.166666667,7.333333333,14.5
1981-11,48.67666667,-4.4,2.466666667,9.366666667
1981-12,112.14,-8.933333333,-4.266666667,0.366666667
1982-01,116.1866667,-12.76666667,-6.633333333,-0.5
1982-02,133.0333333,-7.933333333,-1.966666667,4
1982-03,175.96,-3.766666667,2.766666667,9.3
1982-04,94.19,-2.2,5.266666667,12.8
1982-05,104.91,6.4,14.36666667,22.33333333
1982-06,172.72,9.466666667,15.6,21.8
1982-07,169.4233333,12.5,18.83333333,25.16666667
1982-08,112.0033333,10.43333333,16.56666667,22.63333333
1982-09,99.29,7.433333333,13.73333333,20.06666667
1982-10,69.17333333,2.766666667,9.466666667,16.13333333
1982-11,111.21,-1.466666667,4.7,10.9
1982-12,80.3,-4.133333333,1.533333333,7.2
1983-01,52.71666667,-8.5,-3.533333333,1.4
1983-02,66.19333333,-8.733333333,-2.1,4.5
1983-03,128.13,-3.366666667,2.366666667,8.133333333
1983-04,164.19,0.033333333,5.433333333,10.8
1983-05,174.01,3.833333333,10.96666667,18.06666667
1983-06,98.52666667,8.833333333,15.96666667,23.03333333
1983-07,121.1133333,11.16666667,18.5,25.83333333
1983-08,74.33333333,12,19,25.96666667
1983-09,48.73,6.566666667,14.4,22.26666667
1983-10,164.5733333,2.4,8.933333333,15.46666667
1983-11,122.77,-3.366666667,3.033333333,9.433333333
1983-12,125.4466667,-9.5,-4.3,0.9
1984-01,61.47333333,-11.6,-5.5,0.633333333
1984-02,129.92,-6.5,-0.3,5.933333333
1984-03,145.28,-7.266666667,-1.033333333,5.2
1984-04,154.8866667,0.266666667,6.333333333,12.43333333
1984-05,115.3566667,4.8,11.36666667,17.93333333
1984-06,66.97333333,10.43333333,17.56666667,24.7
1984-07,179.2166667,11.2,17.16666667,23.13333333
1984-08,243.5266667,12.4,18.16666667,23.9
1984-09,56.31,6.066666667,13,19.96666667
1984-10,126.0766667,7.4,13.33333333,19.26666667
1984-11,113.23,-4.466666667,1.8,8.1
1984-12,113.6266667,-2.633333333,3.066666667,8.766666667
1985-01,108.26,-12.26666667,-7.066666667,-1.9
1985-02,76.45666667,-9.166666667,-3.2,2.7
1985-03,112.4266667,-3.3,3.266666667,9.866666667
1985-04,73.33,1.5,9.133333333,16.76666667
1985-05,193.7866667,6.333333333,13.3,20.33333333
1985-06,105.13,8.833333333,15.46666667,22.16666667
1985-07,177.35,12,18.16666667,24.36666667
1985-08,104.3733333,11.03333333,17,22.93333333
1985-09,11.95,6.566666667,14.46666667,22.33333333
1985-10,130.4533333,4.1,10.83333333,17.63333333
1985-11,298.4,2.9,8.033333333,13.13333333
1985-12,72.18333333,-9.7,-4.333333333,1.066666667
1986-01,72.29666667,-10.86666667,-4.6,1.666666667
1986-02,122.3866667,-6.033333333,-1.266666667,3.5
1986-03,98.33333333,-5.666666667,1.666666667,9
1986-04,119.91,1.366666667,8.7,16
1986-05,90.97333333,5.666666667,12.66666667,19.66666667
1986-06,161.2533333,9.566666667,16.66666667,23.76666667
1986-07,170.8033333,13.73333333,19.73333333,25.76666667
1986-08,119.3466667,10.73333333,16.7,22.7
1986-09,93.41333333,9.2,15.1,21
1986-10,77.37333333,3.4,9.833333333,16.26666667
1986-11,157.55,-0.633333333,4.166666667,8.9
1986-12,103.5166667,-6.366666667,-1.266666667,3.833333333
1987-01,112.4666667,-9,-4.2,0.633333333
1987-02,72.70333333,-8.066666667,-2.466666667,3.1
1987-03,70.99333333,-4.633333333,2.666666667,9.966666667
1987-04,166.43,0.066666667,5.866666667,11.63333333
1987-05,109.4266667,7.033333333,14.46666667,21.93333333
1987-06,103.1033333,10.83333333,17.36666667,23.86666667
1987-07,61.03666667,13.06666667,19.76666667,26.4
1987-08,99.25666667,11.5,18.8,26.06666667
1987-09,183.37,8.7,14.63333333,20.6
1987-10,48.50333333,-2,5.666666667,13.3
1987-11,96.16,-1.933333333,4.733333333,11.43333333
1987-12,114.1033333,-5.166666667,-0.466666667,4.233333333
1988-01,84.40666667,-12.33333333,-6.166666667,-0.033333333
1988-02,61.13333333,-9.366666667,-3.166666667,2.966666667
1988-03,74.14333333,-4.866666667,2.033333333,8.866666667
1988-04,96.7,0.1,6.8,13.53333333
1988-05,127.74,4.966666667,11.93333333,18.93333333
1988-06,35.69,7.866666667,15.56666667,23.26666667
1988-07,120.0666667,11.8,19.23333333,26.6
1988-08,81.16666667,12.7,19.6,26.43333333
1988-09,141.71,7.5,13.93333333,20.36666667
1988-10,64.68333333,-1.433333333,5.1,11.63333333
1988-11,113.4033333,-3.5,3.433333333,10.36666667
1988-12,69.06666667,-8.533333333,-2.5,3.566666667
1989-01,110.6733333,-6.466666667,-0.3,5.9
1989-02,114.2366667,-8.033333333,-2.633333333,2.666666667
1989-03,145.7866667,-3.3,3.466666667,10.23333333
1989-04,149.3866667,-1.433333333,5.6,12.6
1989-05,200.1433333,4.433333333,10.36666667,16.3
1989-06,208.2333333,11.5,17.2,22.9
1989-07,149.3933333,13.5,18.93333333,24.4
1989-08,226.62,12,17.46666667,22.93333333
1989-09,107.6766667,9.166666667,14.73333333,20.26666667
1989-10,114.6866667,1.533333333,8.966666667,16.43333333
1989-11,115.42,-3.633333333,2.5,8.6
1989-12,71.83,-15.06666667,-9.033333333,-2.9
1990-01,125.6933333,-5.366666667,0.033333333,5.466666667
1990-02,109.1866667,-5.533333333,1.466666667,8.466666667
1990-03,82.20666667,-2.2,4.433333333,11
1990-04,116.5466667,-1.2,6.066666667,13.36666667
1990-05,204.1366667,5.133333333,11.4,17.66666667
1990-06,106.7966667,9.233333333,15.86666667,22.46666667
1990-07,156.0933333,12.4,18.46666667,24.56666667
1990-08,126.6633333,11.93333333,17.8,23.73333333
1990-09,103.7333333,8.433333333,14.5,20.56666667
1990-10,143.74,2.7,9.633333333,16.56666667
1990-11,48.23666667,-2.733333333,4.866666667,12.43333333
1990-12,175.6766667,-5.066666667,1.1,7.266666667
1991-01,134.6866667,-8.066666667,-2.7,2.666666667
1991-02,77.85333333,-6.4,-0.7,5.033333333
1991-03,186.3,-3.733333333,2.266666667,8.166666667
1991-04,85.27666667,1.666666667,8.433333333,15.2
1991-05,56.47333333,9.2,15.73333333,22.26666667
1991-06,56.7,10.1,16.8,23.56666667
1991-07,126.2133333,14.2,19.8,25.4
1991-08,131.03,11.16666667,17.73333333,24.33333333
1991-09,81.64,7.866666667,14.1,20.4
1991-10,45.79666667,1.033333333,9,16.96666667
1991-11,89.00333333,-3.533333333,2.333333333,8.1
1991-12,195.6433333,-5.666666667,0.133333333,5.866666667
1992-01,80.25333333,-8.533333333,-2.933333333,2.633333333
1992-02,121.1533333,-6,-0.566666667,4.833333333
1992-03,141.64,-4.066666667,1.133333333,6.3
1992-04,96.52333333,0.433333333,6.433333333,12.36666667
1992-05,115.7233333,4.733333333,10.73333333,16.8
1992-06,110.7533333,8.7,14.4,20.06666667
1992-07,198.7466667,13.03333333,18.53333333,23.96666667
1992-08,86.61,10.8,16.33333333,21.9
1992-09,58.10666667,8.166666667,14.5,20.8
1992-10,27.95666667,-0.2,7.4,15
1992-11,82.50333333,-0.8,3.6,8
1992-12,138.0166667,-7.333333333,-2.6,2.133333333
1993-01,62.82666667,-5.233333333,-0.7,3.833333333
1993-02,89.4,-9.966666667,-4.166666667,1.666666667
1993-03,201.4666667,-6.433333333,-1.166666667,4.2
1993-04,127.1733333,-0.666666667,6.233333333,13.16666667
1993-05,76.57666667,4.966666667,12.3,19.56666667
1993-06,85.87666667,9.1,15.93333333,22.8
1993-07,59.99666667,13.4,20.03333333,26.7
1993-08,75.44333333,11.6,18.4,25.23333333
1993-09,186.25,8.966666667,14.96666667,21.03333333
1993-10,82.25666667,0.9,7.833333333,14.8
1993-11,123.4666667,-3.266666667,2.6,8.466666667
1993-12,146.48,-7.533333333,-3.166666667,1.166666667
1994-01,165.8266667,-12.2,-7.1,-1.966666667
1994-02,174.8666667,-8.1,-2.166666667,3.7
1994-03,193.8933333,-4.566666667,1.233333333,6.966666667
1994-04,101.14,1.4,9.2,17
1994-05,161.5333333,2.133333333,8.933333333,15.76666667
1994-06,105.6666667,11.13333333,17.8,24.43333333
1994-07,183.0166667,13.36666667,19.03333333,24.73333333
1994-08,134.8166667,11.23333333,17.1,22.93333333
1994-09,48.63666667,6.933333333,13.36666667,19.8
1994-10,23.23666667,-0.4,8.166666667,16.76666667
1994-11,67.80333333,-1.3,5.933333333,13.1
1994-12,61.30333333,-4.766666667,1.066666667,6.966666667
1995-01,160.9166667,-7.366666667,-2.7,1.933333333
1995-02,86.17,-10.43333333,-4.633333333,1.166666667
1995-03,69.23333333,-3.466666667,3.3,10.03333333
1995-04,75.35,-0.166666667,6.866666667,13.93333333
1995-05,189.5333333,5.666666667,11.8,17.93333333
1995-06,142.9066667,11,16.8,22.6
1995-07,80.11333333,12.76666667,19.1,25.43333333
1995-08,88.15,13.83333333,19.96666667,26.1
1995-09,66.14333333,7.166666667,13.66666667,20.23333333
1995-10,106.3633333,2.1,9.733333333,17.36666667
1995-11,128.4766667,-4.9,0.4,5.7
1995-12,80.15666667,-9.133333333,-4.533333333,0.1
1996-01,197.8466667,-9.3,-3.966666667,1.4
1996-02,127.9733333,-8.633333333,-3.5,1.6
1996-03,124.8666667,-7.366666667,-1.433333333,4.466666667
1996-04,86.54,-0.233333333,6.633333333,13.46666667
1996-05,337.48,6.333333333,12.6,18.9
1996-06,110.9833333,10.6,17.1,23.6
1996-07,273.3566667,10.9,16.83333333,22.73333333
1996-08,152.74,11.6,17.3,23
1996-09,197.38,8.633333333,13.9,19.16666667
1996-10,88.83,2.266666667,8.666666667,15.1
1996-11,130.5433333,-5.433333333,-0.4,4.633333333
1996-12,146.8133333,-5.733333333,-0.433333333,4.866666667
1997-01,89.08666667,-9.966666667,-4.2,1.566666667
1997-02,61.84666667,-5.466666667,-0.233333333,5.033333333
1997-03,196.37,-2.966666667,3.2,9.366666667
1997-04,75.19333333,-2.266666667,4.033333333,10.4
1997-05,143.9933333,2.066666667,9.066666667,16
1997-06,115.9833333,9.333333333,15.5,21.66666667
1997-07,95.50666667,11.9,18.53333333,25.13333333
1997-08,107.6566667,10.26666667,16.5,22.66666667
1997-09,93.56666667,6.7,13.33333333,19.96666667
1997-10,45.04333333,1.266666667,8.333333333,15.3
1997-11,129.32,-3.8,0.666666667,5.166666667
1997-12,109.6033333,-6.133333333,-1.666666667,2.766666667
1998-01,153.3066667,-5.2,-0.566666667,3.966666667
1998-02,101.8933333,-4.166666667,0.033333333,4.3
1998-03,128.77,-3.833333333,1.6,6.933333333
1998-04,127.12,0.866666667,7.866666667,14.86666667
1998-05,125.6633333,8.133333333,14.06666667,19.93333333
1998-06,248.8733333,11.16666667,16.46666667,21.76666667
1998-07,97.02333333,12.43333333,18.36666667,24.36666667
1998-08,100.67,11.56666667,18.1,24.6
1998-09,76.73666667,8.7,16,23.3
1998-10,53.61,2.433333333,9.4,16.4
1998-11,42.85666667,-2.866666667,3.433333333,9.733333333
1998-12,74.36,-5.133333333,0.566666667,6.266666667
1999-01,175.9833333,-7.433333333,-1.8,3.8
1999-02,80.37666667,-6.7,-1.033333333,4.6
1999-03,139.95,-7.833333333,-1.666666667,4.433333333
1999-04,72.55333333,1.733333333,8.6,15.46666667
1999-05,103.8633333,4.3,12.3,20.26666667
1999-06,53.30333333,9.833333333,16.53333333,23.23333333
1999-07,86.78,13.36666667,19.86666667,26.3
1999-08,93.70666667,10.7,17.5,24.33333333
1999-09,96.91333333,6.366666667,13.66666667,20.93333333
1999-10,112.1733333,0.566666667,7.833333333,15.16666667
1999-11,72.75333333,-0.633333333,5.866666667,12.4
1999-12,90.76666667,-6.633333333,-1.033333333,4.5
2000-01,77.3,-10.8,-4.9,1.1
2000-02,118.2466667,-5.933333333,-0.1,5.733333333
2000-03,94.85666667,-3.1,3.8,10.7
2000-04,120.5133333,0.4,6.733333333,13.06666667
2000-05,137.97,6.6,13.7,20.86666667
2000-06,162.78,11.6,17.43333333,23.2
2000-07,121.2266667,11.26666667,16.8,22.36666667
2000-08,152.3633333,11.8,17.03333333,22.26666667
2000-09,169.1666667,8.133333333,13.9,19.6
2000-10,18.73666667,1.933333333,9.5,17.1
2000-11,66.13666667,-4.2,1.4,6.966666667
2000-12,63.61666667,-11.83333333,-6.566666667,-1.366666667
2001-01,90.71666667,-10.06666667,-4.6,0.8
2001-02,73.62333333,-5.933333333,-0.2,5.566666667
2001-03,102.1933333,-6.233333333,-1.2,3.866666667
2001-04,72.41333333,1.633333333,8.666666667,15.7
2001-05,191.05,5.966666667,12.4,18.76666667
2001-06,136.1833333,9.466666667,16,22.56666667
2001-07,218.1766667,10.93333333,16.93333333,22.93333333
2001-08,81.73,12.76666667,18.5,24.3
2001-09,67.53333333,6.733333333,13.1,19.53333333
2001-10,31.31,0.133333333,7.666666667,15.2
2001-11,22.21666667,-2.766666667,5.6,14
2001-12,85.50333333,-4.066666667,1.233333333,6.566666667
2002-01,75.02,-6.933333333,-1.5,3.966666667
2002-02,35.33333333,-7.966666667,-1.266666667,5.466666667
2002-03,124.38,-4.566666667,2.033333333,8.633333333
2002-04,208.8466667,1.666666667,8.266666667,14.83333333
2002-05,154.02,4,11.03333333,18.06666667
2002-06,113.9166667,10.6,17.16666667,23.73333333
2002-07,170.7933333,13.63333333,19.23333333,24.83333333
2002-08,65.91,12.13333333,18.4,24.7
2002-09,125.6966667,9.133333333,15.96666667,22.8
2002-10,148.3333333,4.733333333,9.4,14.03333333
2002-11,123.9033333,-2.833333333,1.6,6.033333333
2002-12,105.0466667,-7.966666667,-3.233333333,1.566666667
2003-01,84.67,-11.63333333,-7,-2.333333333
2003-02,167.4366667,-8.233333333,-4.2,-0.166666667
2003-03,72.58333333,-3,3.633333333,10.23333333
2003-04,107.8066667,1.3,7.933333333,14.53333333
2003-05,209.48,6.833333333,11.66666667,16.53333333
2003-06,171.9233333,8.866666667,14.6,20.3
2003-07,142.8866667,12.3,17.96666667,23.63333333
2003-08,119.7466667,13.26666667,18.66666667,24.1
2003-09,205.59,8.666666667,14.13333333,19.6
2003-10,87.44,1.066666667,7.4,13.76666667
2003-11,175.4,-0.633333333,5.966666667,12.53333333
2003-12,93.97,-7.866666667,-3.133333333,1.666666667
2004-01,76.54333333,-11.36666667,-5.933333333,-0.533333333
2004-02,92.49666667,-9.466666667,-3.533333333,2.433333333
2004-03,106.9,-3.033333333,3.1,9.233333333
2004-04,155.3933333,1.2,7.166666667,13.1
2004-05,180.7766667,9.033333333,15.36666667,21.66666667
2004-06,110.2233333,10.43333333,15.96666667,21.53333333
2004-07,113.6,12.73333333,18.06666667,23.4
2004-08,100.6766667,10.9,16.76666667,22.66666667
2004-09,183.1,9.133333333,15.3,21.46666667
2004-10,73.33,4.2,9.966666667,15.73333333
2004-11,106.06,0.166666667,5.266666667,10.4
2004-12,102.55,-7.266666667,-1.866666667,3.533333333
2005-01,96.24666667,-6.866666667,-1.733333333,3.366666667
2005-02,75.54666667,-7.133333333,-1.566666667,4
2005-03,144.65,-5.833333333,-0.8,4.2
2005-04,124.8566667,0.733333333,7.833333333,15
2005-05,102.34,3.366666667,10.03333333,16.7
2005-06,45.05333333,11.36666667,17.4,23.5
2005-07,183.1366667,14.33333333,19.73333333,25.1
2005-08,114.7533333,13.9,19.26666667,24.6
2005-09,32.08666667,9.066666667,15.9,22.73333333
2005-10,93.83666667,4.633333333,10.23333333,15.8
2005-11,118.26,-2.766666667,4,10.73333333
2005-12,87.55,-9.233333333,-4.433333333,0.4
2006-01,111.8266667,-5.166666667,0.366666667,5.933333333
2006-02,42.41333333,-8.366666667,-3.3,1.766666667
2006-03,52.35333333,-4.533333333,1.133333333,6.833333333
2006-04,137.41,1.966666667,9.333333333,16.7
2006-05,77.82,3.733333333,10.5,17.26666667
2006-06,176.33,9.133333333,15.33333333,21.56666667
2006-07,157.4066667,12.7,18.46666667,24.3
2006-08,76.32,12.53333333,18.9,25.26666667
2006-09,103.75,7.866666667,12.8,17.76666667
2006-10,142.9566667,1.466666667,7.333333333,13.16666667
2006-11,73.24666667,-1.1,4.866666667,10.93333333
2006-12,46.40666667,-4.9,1.166666667,7.2
2007-01,111.08,-6.533333333,-1.533333333,3.5
2007-02,86.96,-13.46666667,-7.966666667,-2.566666667
2007-03,126.29,-2.733333333,4.1,10.86666667
2007-04,132.13,-0.466666667,5.5,11.53333333
2007-05,86.94,6.4,13.43333333,20.53333333
2007-06,109.28,10.23333333,16.53333333,22.8
2007-07,147.1066667,10.9,16.83333333,22.83333333
2007-08,77.10666667,13.83333333,19.93333333,26.03333333
2007-09,79.82666667,8.5,15.8,23.13333333
2007-10,117.6433333,5.066666667,11.73333333,18.4
2007-11,81.46666667,-2.833333333,2.666666667,8.133333333
2007-12,161.2733333,-4.4,0.3,4.966666667
2008-01,110.97,-9.566666667,-4.233333333,1.133333333
2008-02,101.8666667,-7.266666667,-1.8,3.766666667
2008-03,125.6066667,-4.466666667,1.933333333,8.266666667
2008-04,123.2133333,2.4,8.9,15.36666667
2008-05,186.0633333,4.2,10.6,17
2008-06,131.4133333,10.56666667,17.06666667,23.6
2008-07,86.01666667,11.4,17.73333333,24.03333333
2008-08,67.98333333,10.1,16.3,22.5
2008-09,44.98,9.266666667,15.5,21.73333333
2008-10,43.51666667,0.766666667,7.733333333,14.63333333
2008-11,95.55,-4.466666667,1.133333333,6.7
2008-12,146.7666667,-6.233333333,-0.966666667,4.333333333
2009-01,142.7033333,-10.83333333,-5.7,-0.6
2009-02,50.05666667,-8.9,-2.766666667,3.3
2009-03,73.66333333,-3.166666667,2.9,8.966666667
2009-04,142.62,0.433333333,7.2,14.03333333
2009-05,159.9833333,7.1,12.93333333,18.73333333
2009-06,92.65,11,16.73333333,22.5
2009-07,119.6733333,10.96666667,16.23333333,21.56666667
2009-08,108.24,12.93333333,18.16666667,23.43333333
2009-09,99.43333333,8.533333333,14,19.53333333
2009-10,125.0933333,1.966666667,7.7,13.43333333
2009-11,45.07,-0.366666667,5.366666667,11.06666667
2009-12,145.05,-7.6,-3.066666667,1.533333333
2010-01,120.1,-9.733333333,-5.866666667,-1.933333333
2010-02,114.25,-11,-6.8,-2.666666667
2010-03,78.51333333,-3.433333333,2.233333333,7.9
2010-04,48.03333333,1.133333333,9.333333333,17.53333333
2010-05,162.4233333,7.433333333,14,20.56666667
2010-06,87.07333333,12.83333333,18.53333333,24.26666667
2010-07,103.5766667,12.9,19.33333333,25.7
2010-08,104.9533333,13.46666667,18.9,24.33333333
2010-09,81.31666667,7.433333333,14.9,22.4
2010-10,91.31333333,2.533333333,9.033333333,15.6
2010-11,64.95333333,-2.933333333,3.433333333,9.8
2010-12,104.52,-10.93333333,-7.5,-4.066666667
2011-01,72.49666667,-10.66666667,-6.066666667,-1.433333333
2011-02,78.91333333,-6.733333333,-0.8,5.1
2011-03,204.2466667,-3.633333333,2.033333333,7.7
2011-04,223.16,2.866666667,9,15.16666667
2011-05,133.2633333,7.366666667,13.36666667,19.36666667
2011-06,83.97666667,10.73333333,16.96666667,23.2
2011-07,104.3033333,13.53333333,19.8,26
2011-08,84.99,12.3,18.13333333,24.03333333
2011-09,139.18,9.733333333,14.9,20.06666667
2011-10,128.3866667,2.333333333,7.966666667,13.56666667
2011-11,127.5266667,-1.533333333,5,11.5
2011-12,117.6366667,-4.933333333,0.233333333,5.433333333
2012-01,96.97,-7.266666667,-1.966666667,3.366666667
2012-02,78.34333333,-6.166666667,-0.433333333,5.333333333
2012-03,110.85,0.133333333,7.3,14.5
2012-04,68.58333333,0.366666667,7.4,14.43333333
2012-05,174.0433333,8.9,15.16666667,21.4
2012-06,75.98666667,8.5,15.33333333,22.2
2012-07,179.6233333,14.5,20.43333333,26.36666667
2012-08,104.7,11.26666667,17.36666667,23.46666667
2012-09,126.91,7.566666667,14.03333333,20.5
2012-10,117.5033333,2.266666667,8.4,14.5
2012-11,18.30333333,-5,0.933333333,6.933333333
2012-12,115.1133333,-4.1,0.7,5.466666667
2013-01,137.42,-7.466666667,-2.266666667,2.933333333
2013-02,68.24666667,-9.3,-4.233333333,0.833333333
2013-03,110.53,-6.233333333,-2.066666667,2.033333333
2013-04,89.07666667,0.833333333,7.833333333,14.83333333
2013-05,122.1466667,5.4,11.73333333,18.13333333
2013-06,178.73,11.5,16.83333333,22.23333333
2013-07,163.7633333,13.7,18.93333333,24.16666667
2013-08,183.11,11.46666667,16.5,21.6
2013-09,60.47666667,8.2,14.26666667,20.36666667
2013-10,52.52666667,3.4,9.233333333,15.1
2013-11,101.1,-4.5,1.3,7.1
2013-12,173.2733333,-5.9,-1,3.866666667
2014-01,71.29333333,-14.53333333,-8,-1.433333333
2014-02,108.2533333,-9.233333333,-3.833333333,1.566666667
2014-03,94.80666667,-7.733333333,-1.2,5.366666667
2014-04,73.64333333,0.066666667,7.633333333,15.2
2014-05,124.8666667,6.066666667,12.96666667,19.83333333
2014-06,95.12666667,11.46666667,17.4,23.33333333
2014-07,101.0933333,11.13333333,17.06666667,23.06666667
2014-08,82.55666667,11.1,16.56666667,22
2014-09,45.58333333,8.966666667,14.83333333,20.73333333
2014-10,146.7533333,3.366666667,8.933333333,14.53333333
2014-11,82.99333333,-5.533333333,-0.033333333,5.5
2014-12,96.86,-3.9,0.266666667,4.433333333
2015-01,83.84333333,-10.1,-5.2,-0.333333333
2015-02,97.88666667,-15.03333333,-8.566666667,-2.133333333
2015-03,153.84,-5.533333333,0.7,6.933333333
2015-04,187.4933333,1.4,7.933333333,14.43333333
2015-05,54.21,7.466666667,14.56666667,21.73333333
2015-06,193.3466667,12.73333333,17.9,23.1
2015-07,186.47,13.83333333,19.03333333,24.26666667
2015-08,79.22,11.3,17.26666667,23.2
2015-09,115.31,10.03333333,15.76666667,21.46666667
2015-10,65.60666667,2.933333333,9.1,15.2
2015-11,66.48333333,-0.066666667,5.966666667,12
2015-12,132.97,0.1,5.166666667,10.2
2016-01,93.48333333,-11.76666667,-5.9,-0.066666667
2016-02,115.1666667,-7.233333333,-2.433333333,2.4
2016-03,59.87333333,-1.2,5.366666667,11.96666667
2016-04,102.9666667,0.3,7.733333333,15.2
2016-05,179.8766667,6.466666667,12.06666667,17.7
2016-06,195.77,10.86666667,17.13333333,23.43333333
2016-07,119.5333333,14.23333333,19.9,25.56666667
2016-08,92.92333333,14.66666667,20.23333333,25.83333333
2016-09,98.34666667,10.4,17.4,24.33333333
2016-10,92.72,4.533333333,10.83333333,17.16666667
2016-11,67.59,-2,4.4,10.83333333
2016-12,131.1833333,-5.766666667,-1.233333333,3.333333333
2017-01,151.0633333,-4.133333333,-0.1,3.933333333
2017-02,39.31333333,-4,2.166666667,8.366666667
2017-03,111.2966667,-4.133333333,1.7,7.566666667
2017-04,132.2133333,4.233333333,10.6,16.96666667
2017-05,155.4733333,6.9,12.63333333,18.36666667
2017-06,133.88,9.933333333,16.16666667,22.46666667
2017-07,176.99,13.4,19.2,24.93333333
2017-08,98.49,11.13333333,17,22.83333333
2017-09,31.03,8.666666667,14.56666667,20.46666667
2017-10,143.8666667,4.2,11.26666667,18.33333333
2017-11,53.31333333,-2.333333333,3.2,8.7
2017-12,59.82,-7.166666667,-2.4,2.366666667
2018-01,87.29666667,-11.43333333,-5.866666667,-0.266666667
2018-02,171.8766667,-3.433333333,2.066666667,7.566666667
2018-03,138.6,-5.9,-1.033333333,3.8
2018-04,146.31,-1.033333333,5.266666667,11.53333333
2018-05,216.7066667,10.3,16.56666667,22.86666667
2018-06,168.98,12.2,17.63333333,23
2018-07,151.86,13.03333333,19,25
